決済日,0
年月日,0
認定年月日,0
署名年月日,0
受付日,0
締め切り,0
更新日,0
開催日,0
提出日,0
工事日,0
申し込み日,0
申込日,0
期限,0
納期,0
誕生日,0
生年月日,0
請求年月,0
請求日,0
引き落とし日,0
希望日,0
希望日時,0
停止日,0
ご報告内容発生予定日,0
日付,0
予約日,0
調剤日,0
製造年月,0
発行日,0
発行年月,0
発注日,0
有効期限,0
賞味期限,0
匹,1
章,1
日,1
年,1
時間,1
分,1
秒,1
月,1
通,1
円,1
杯,1
錠,1
年齢,1
齢,1
経験年数,1
歳,1
才,1
個,1
頭,1
名,1
人,1
枚,1
回,1
冊,1
点,1
行,1
章,1
満,1
期間,1
日数,1
日間,1
午前,1
午後,1
深夜,1
点目,1
数量,1
No,1.
枚数,1
秒数,1
距離,1
片道通勤距離,1
切り捨て,1
切り上げ,1
長さ,1
幅,1
高さ,1
mm,1
ミリメートル,1
cm,1
センチメートル,1
m,1
メートル,1
km,1
キロメートル,1
重量,1
重さ,1
mg,1
ミリグラム,1
g,1
グラム,1
kg,1
キログラム,1
キロ,1
排気量,1
CC,1
時速,1
分速,1
秒速,1
第,1
階,1
桁,1
台,1
隻,1
艇,1
巻,1
件,1
内線,1
部屋番号,1
号,1
合,1
小計,1
合計,1
面積,1
㎡,1
平方メートル,1
㎢,1
平方キロメートル,1
%,1
$,1
￥,1
千円,1
万円,1
億円,1
入院費,1
治療費,1
養育費,1
代金,1
工事費,1
施工費,1
締入費,1
額,1
金額,1
総額,1
月額,1
年額,1
時給,1
年俸,1
賃金,1
残業,1
勤務時間,1
精算支払額,1
支給額,1
税抜,1
税込,1
税率,1
繰越金額,1
発注金額,1
消費税,1
源泉所得税,1
預入額,1
引出額,1
収入,1
支出,1
残高,1
価格,1
単価,1
費用,1
料金,1
車線数,1
引き落とし額,1
損害保険料,1
更新料,1
受験料,1
学費,1
会費,1
材料費,1
基本給,1
月給,1
年給,1
週休,1
年休,1
購入枚数,1
補填金,1
賠償金,1
半径,1
直径,1
乗降客数,1
採用者数,1
合格者数,1
登録番号,1
クレジットカード番号,1
店番号,1
口座番号,1
保険者番号,1
薬効分類番号,1
レセプト電算処理システム用コード,1
レセ電算コード,1
レセコンコード,1
JANコード,1
GS1事業者コード,1
GTIN,1
基準番号,1
HOTコード,1
自治体コード,1
団体コード,1
地方公共団体コード,1
市区町村コード,1
都道府県コード,1
全国地方公共団体コード,1
一部事務組合等コード,1
稟議番号,1
マイナンバー,1
送料込,1
手数料込,1
英数字,1
アラビア数字,1
明細表,2
誓約書,2
許可書,2
許可証,2
駅名,2
路線図,2
運行ダイヤ,2
時刻表,2
休暇届,2
フォーム,2
免許証,2
契約書,2
履歴書,2
遺言書,2
申込書,2
申請書,2
カルテ,2
調剤明細書,2
健康保険被保険者証,2
施工計画書,2
始末書,2
ふりがな,2
ふりがな小書,2
団体名,2
宛先,2
宛名,2
現住所,2
住所,2
市町村,2
市区町村,2
丁目以下,2
番地,2
建物名,2
マンション名,2
部屋番号,2
届け先,2
役職,2
所属,2
部署,2
連絡先,2
フリガナ,2
電話,2
電話番号,2
携帯番号,2
携帯電話番号,2
TEL,2
FAX,2
URL,2
学歴,2
職歴,2
性別,2
学籍番号,2
会員番号,2
ユーザー名,2
ユーザ名,2
会員規約,2
利用規約,2
社員ID,2
教室,2
氏名,2
非保険者氏名,2
保険者名称,2
保険者所在地,2
事業所名称,2
おなまえ,2
名前,2
お名前,2
苗字,2
姓,2
セイ,2
名,2
メイ,2
さん,2
様,2
御中,2
契約者名,2
スタッフ名,2
担当,2
担当者名,2
シリアル番号,2
文字列,2
パスワード,2
メール,2
アドレス,2
メールアドレス,2
確認用メールアドレス,2
確認のためもう一度入力してください,2
E,2-mail
Eメール,2
納品場所,2
場所,2
内容,2
病状,2
病名,2
病歴,2
項目名,2
患者番号,2
薬剤料,2
甲,2
乙,2
丙,2
訪問先,2
旅行先,2
特技,2
詳細,2
条件,2
所属,2
所在,2
所在地,2
自由記述,2
テキストエリア,2
自己紹介,2
趣味,2
志望動機,2
職種,2
資格,2
希望職種,2
自己PR,2
時間,2
略称,2
医療法人,2
医療機関,2
医療センター,2
医師,2
処方医,2
外用,2
用法,2
用量,2
薬剤名,2
成分,2
薬価基準収載薬品コード,2
個別医薬品コード,2
YJコード,2
ATCコード,2
写し,2
発行元,2
タイトル,2
分野,2
メニュー,2
対応表,2
幹線道路名,2
会社名,2
メーカー,2
卸名,2
効能効果,2
相互作用,2
副作用,2
勤務先,2
続柄,2
世帯主,2
事由,2
理由,2
原因,2
用途,2
口座,2
引き落とし口座,2
支払い口座,2
証券番号,2
契約プラン,2
結果,2
件名,2
目的,2
背景,2
結論,2
発注先,2
相手科目,2
補助科目,2
勘定科目,2
品名,2
品目,2
品番,2
摘要,2
内訳,2
税率別内訳,2
単位,2
備考,2
特記欄,2
コメント,2
具体例,2
所見,2
発案者,2
立候補者,2
推薦人,2
弁護人,2
被告人,2
輸送先,2
搬送先,2
型番,2
宿泊先,2
ホテル名,2
建物名,2
部門,2
概要,2
商品名,2
商品コード,2
名称,2
計画,2
スケジュール,2
事業所,2
時間割,2
教科,2
稟議書,2
保険,2
担当商材,2
大学,2
高校,2
小学,2
保育園,2
幼稚園,2
学部,2
学科,2
研究室,2
配属先,2
その他,2
補足,2
事項,2
注意,2
掲載雑誌,2
主旨,2
カテゴリ,2
アンケート,2
質問,2
要望,2
解答,2
要素,2
相談,2
食堂,2
店,2
売り場,2
地下,2
銀行,2
郵便局,2
図書館,2
美術館,2
博物館,2
鉄道,2
乗り場,2
駅,2
学校,2
問い合わせ,2
お問い合わせ内容,2
予約状況,2
メッセージ,2
題名,2
本文,2
教えてください,2
ご記入ください,2
記入ください,2
ご入力ください,2
入力してください,2
お答えください,2
ある,3
ない,3
有,3
無,3
希望する,3
希望しない,3
参加,3
欠席,3
はい,3
いいえ,3
のせる,3
のせない,3
はいる,3
はいらない,3
である,3
でない,3
得意,3
不得意,3
苦手,3
する,3
しない,3
達成,3
未達成,3
加入,3
未加入,3
殺傷,3
非殺傷,3
効率的,3
非効率的,3
加入,3
未加入,3
許可,3
無許可,3
可能,3
不可能,3
得意,3
不得意,3
得手,3
不得手,3
得意である,3
得意ではない,3
肯定,3
否定,3
是非,3
有無,3
要,3
不要,3
採用,3
不採用,3
一時申請,3
事前申請,3
予算内,3
予算外,3
良好,4
問題あり,4
ご希望のプラン,4
ご希望の時間帯,4
お問い合わせの種類,4
同意いたします,4
同意しますか,4
参加しますか,4
旧姓があるお客様は「旧姓あり」を選択してください,4
決裁,4
否決,4
条件付許可,4
保留,4
複数可,5
複数選択可,5
ご報告区分,5
参加可能な時間帯をすべてお選びください,5
ご希望のサービス,5
同意する,5
個人情報保護方針への同意,5
気になる項目,5
きっかけ,5
軽減税率,5
チェック,5
都道府県,6
興味・関心のある学科,6
ご報告区分,6
