num,治療費
num,午前
char,時刻表
char,効能効果
boolean,無許可
char,アンケート
char,副作用
char,弁護人
check,ご報告区分
char,要望
char,ご入力ください
boolean,達成
num,人
num,点
num,キロメートル
date,製造年月
num,歳
boolean,有無
char,遺言書
date,受付日
char,詳細
char,場所
char,ご記入ください
char,用法
date,提出日
char,病名
date,締め切り
char,御中
char,おなまえ
num,JANコード
date,開催日
char,保育園
num,単価
char,銀行
date,ご報告内容発生予定日
num,ミリメートル
date,希望日時
char,明細表
date,誕生日
char,要素
check,軽減税率
num,長さ
char,許可証
char,電話
num,kg
char,所見
char,件名
char,掲載雑誌
boolean,肯定
boolean,不採用
char,型番
boolean,無
char,苗字
char,ユーザー名
char,納品場所
check,個人情報保護方針への同意
char,資格
char,引き落とし口座
num,施工費
char,幹線道路名
num,距離
char,相談
char,本文
boolean,希望する
char,相互作用
num,部屋番号
char,メニュー
num,合計
char,シリアル番号
char,駅
char,所属
num,小計
date,引き落とし日
num,基準番号
char,誓約書
num,市区町村コード
char,メール
char,宿泊先
char,事業所名称
char,学籍番号
char,薬剤料
num,高さ
char,乗り場
char,患者番号
num,レセ電算コード
num,入院費
char,学部
char,項目名
char,教えてください
date,請求日
num,HOTコード
char,医療機関
check,複数選択可
date,有効期限
num,消費税
char,処方医
num,養育費
char,メールアドレス
char,タイトル
char,施工計画書
char,教科
num,預入額
char,契約書
char,お答えください
num,残高
char,アドレス
num,税率
char,相手科目
boolean,否定
num,口座番号
char,マンション名
char,品番
boolean,未達成
num,学費
boolean,不得意
char,病状
char,食堂
char,名称
char,主旨
num,登録番号
num,日
boolean,不要
char,路線図
num,年
num,経験年数
num,㎢
num,時速
num,枚数
char,免許証
char,電話番号
char,カルテ
boolean,得意
radio,お問い合わせの種類
check,ご希望のサービス
char,メッセージ
char,支払い口座
num,額
check,同意する
char,保険者名称
num,個
char,質問
char,世帯主
char,外用
num,km
num,保険者番号
radio,ご希望のプラン
num,時間
char,職種
date,発注日
char,宛先
char,配属先
radio,同意いたします
num,回
char,地下
boolean,はい
char,非保険者氏名
check,参加可能な時間帯をすべてお選びください
date,発行日
date,認定年月日
char,契約者名
char,略称
num,英数字
char,契約プラン
char,品名
num,薬効分類番号
char,会員規約
num,代金
char,税率別内訳
char,品目
char,単位
char,教室
char,高校
char,建物名
char,社員ID
char,URL
char,担当
char,旅行先
num,mm
date,ご予約日
char,氏名
char,お名前
num,補填金
num,税込
char,フォーム
char,博物館
boolean,参加
num,円
char,自己PR
boolean,要
num,g
char,原因
char,会社名
date,納期
char,売り場
check,気になる項目
char,メイ
char,駅名
num,キロ
drop,都道府県
boolean,是非
num,税抜
num,地方公共団体コード
num,全国地方公共団体コード
date,請求年月
char,背景
num,金額
char,備考
num,レセプト電算処理システム用コード
char,文字列
char,特技
boolean,効率的
boolean,苦手
char,内容
char,小学
date,希望日
char,対応表
char,趣味
char,セイ
char,大学
date,署名年月日
char,内訳
num,損害保険料
char,医師
char,成分
num,mg
char,住所
char,スケジュール
boolean,採用
char,時間
char,分野
boolean,ない
char,宛名
boolean,はいる
num,グラム
char,事由
char,訪問先
date,申込日
char,商品コード
num,分速
char,自由記述
num,分
radio,ご希望の時間帯
num,点目
num,杯
char,志望動機
num,枚
char,会員番号
char,注意
char,事項
char,美術館
num,費用
char,名前
num,秒数
char,事業所
num,賠償金
char,丁目以下
date,日付
num,年齢
date,決済日
char,携帯電話番号
char,題名
num,平方キロメートル
char,概要
char,勤務先
check,複数可
char,ふりがな
char,乙
num,面積
boolean,未加入
num,㎡
boolean,欠席
char,履歴書
num,cm
char,続柄
num,名
char,被告人
char,性別
char,医療センター
char,名
num,団体コード
num,GS1事業者コード
char,コメント
char,団体名
char,時間割
num,半径
boolean,はいらない
drop,興味・関心のある学科
char,条件
char,勘定科目
char,FAX
num,ミリ
num,価格
boolean,ある
boolean,非殺傷
char,店
num,合
num,キログラム
char,テキストエリア
num,支出
char,稟議書
char,写し
num,深夜
char,発注先
char,丙
char,カテゴリ
boolean,のせない
num,錠
num,工事費
char,郵便局
boolean,加入
char,希望職種
boolean,いいえ
num,月
char,図書館
num,行
boolean,有
num,材料費
char,ATCコード
date,発行年月
char,現住所
char,その他
char,運行ダイヤ
num,都道府県コード
char,E-mail
char,TEL
num,匹
num,章
num,会費
char,市町村
boolean,不得意
char,個別医薬品コード
boolean,でない
char,予約状況
boolean,しない
num,自治体コード
char,薬剤名
boolean,許可
char,始末書
num,%
char,立候補者
boolean,殺傷
char,具体例
char,フリガナ
char,確認のためもう一度入力してください
num,源泉所得税
char,記入ください
char,所在地
num,メートル
char,特記欄
date,調剤日
char,休暇届
char,発案者
radio,同意しますか
char,調剤明細書
radio,旧姓があるお客様は「旧姓あり」を選択してください
num,通
char,役職
char,証券番号
char,問い合わせ
num,階
num,センチメートル
num,秒速
char,発行元
char,確認用メールアドレス
char,医療法人
char,ユーザ名
char,工事日
char,保険
char,部署
char,病歴
char,補助科目
char,届け先
num,引出額
num,頭
char,申請書
